,MeanChange,StdDev
RCP26,-50.337233962802614,18.034558703528237
RCP45,-74.92936608990462,11.7461981714587
RCP85,-95.62662362330099,4.311583537229884
